plot_id,day,crop_type,crop_day,temperature_c,humidity_pct,rainfall_mm,soil_moisture_pct,et_loss,needs_irrigation,water_amount_mm,next_day_moisture
1,0,Cotton,1,31.24,77.85,0.0,43.38,1.12,0,0.0,43.01
1,1,Cotton,2,29.4,70.16,0.96,43.01,1.14,0,0.0,41.92
1,2,Cotton,3,25.65,63.14,0.0,41.92,1.1,0,0.0,40.66
1,3,Cotton,4,25.14,41.14,0.0,40.66,1.25,0,0.0,39.95
1,4,Cotton,5,19.38,46.57,0.39,39.95,1.02,0,0.0,38.7
1,5,Cotton,6,25.86,43.86,0.0,38.7,1.26,0,0.0,37.21
1,6,Cotton,7,35.33,51.61,0.0,37.21,1.49,0,0.0,35.65
1,7,Cotton,8,40.8,60.91,0.0,35.65,1.56,1,5.22,39.85
1,8,Cotton,9,22.25,60.64,0.0,39.85,1.01,0,0.0,38.82
1,9,Cotton,10,25.0,69.21,0.0,38.82,1.03,0,0.0,37.9
1,10,Cotton,11,24.99,82.78,0.0,37.9,0.92,0,0.0,39.39
1,11,Cotton,12,25.33,54.92,3.3,39.39,1.15,0,0.0,37.86
1,12,Cotton,13,32.11,36.69,0.0,37.86,1.53,0,0.0,36.41
1,13,Cotton,14,41.89,72.9,0.0,36.41,1.46,0,0.0,35.08
1,14,Cotton,15,31.69,57.57,0.0,35.08,1.32,1,5.9,39.73
1,15,Cotton,16,22.95,31.25,0.0,39.73,1.25,0,0.0,38.7
1,16,Cotton,17,25.7,70.86,0.0,38.7,1.03,0,0.0,39.04
1,17,Cotton,18,22.35,57.02,1.74,39.04,1.04,0,0.0,37.99
1,18,Cotton,19,24.62,64.18,0.0,37.99,1.06,0,0.0,37.68
1,19,Cotton,20,30.91,68.32,1.11,37.68,1.2,0,0.0,38.52
1,20,Cotton,21,23.8,50.36,2.48,38.52,1.14,0,0.0,37.63
1,21,Cotton,22,20.46,71.49,0.0,37.63,0.89,0,0.0,37.33
1,22,Cotton,23,22.47,37.06,1.12,37.33,1.19,0,0.0,36.01
1,23,Cotton,24,32.17,59.45,0.0,36.01,1.32,0,0.0,35.73
1,24,Cotton,25,29.81,45.32,1.36,35.73,1.37,1,5.13,39.44
1,25,Cotton,26,35.48,60.07,0.0,39.44,1.41,0,0.0,38.69
1,26,Cotton,27,14.9,67.33,0.0,38.69,0.76,0,0.0,37.78
1,27,Cotton,28,20.91,70.64,0.0,37.78,0.9,0,0.0,36.63
1,28,Cotton,29,26.9,60.36,0.0,36.63,1.15,0,0.0,35.6
1,29,Cotton,30,24.05,66.16,0.0,35.6,1.03,1,5.28,42.76
1,30,Cotton,31,23.96,47.47,3.81,42.76,1.17,0,0.0,43.69
1,31,Cotton,32,30.51,72.37,2.6,43.69,1.15,0,0.0,44.97
1,32,Cotton,33,25.35,62.7,2.96,44.97,1.09,0,0.0,45.98
1,33,Cotton,34,34.86,57.63,3.03,45.98,1.42,0,0.0,44.82
1,34,Cotton,35,24.49,50.09,0.0,44.82,1.16,0,0.0,45.3
1,35,Cotton,36,34.37,50.62,2.44,45.3,1.47,0,0.0,44.04
1,36,Cotton,37,28.03,51.48,0.0,44.04,1.26,0,0.0,42.83
1,37,Cotton,38,26.02,50.66,0.0,42.83,1.21,0,0.0,41.67
1,38,Cotton,39,27.19,61.06,0.0,41.67,1.16,0,0.0,45.25
1,39,Cotton,40,23.28,76.06,5.64,45.25,0.93,0,0.0,44.31
1,40,Cotton,41,18.41,54.6,0.0,44.31,0.94,0,0.0,43.01
1,41,Cotton,42,28.51,48.51,0.0,43.01,1.3,0,0.0,41.84
1,42,Cotton,43,27.04,59.52,0.0,41.84,1.17,0,0.0,40.56
1,43,Cotton,44,29.7,54.89,0.0,40.56,1.29,0,0.0,39.26
1,44,Cotton,45,33.71,66.28,0.0,39.26,1.3,0,0.0,38.71
1,45,Cotton,46,23.99,75.76,0.5,38.71,0.95,0,0.0,37.68
1,46,Cotton,47,30.93,87.86,0.0,37.68,1.02,0,0.0,36.64
1,47,Cotton,48,25.53,68.85,0.0,36.64,1.05,0,0.0,35.94
1,48,Cotton,49,28.5,47.45,0.76,35.94,1.31,1,4.88,39.54
1,49,Cotton,50,28.05,49.52,0.0,39.54,1.28,0,0.0,39.2
1,50,Cotton,51,22.69,62.1,0.85,39.2,1.02,0,0.0,37.85
1,51,Cotton,52,31.1,52.59,0.0,37.85,1.35,0,0.0,39.64
1,52,Cotton,53,24.08,50.17,3.67,39.64,1.15,0,0.0,39.05
1,53,Cotton,54,26.22,63.34,0.66,39.05,1.11,0,0.0,37.96
1,54,Cotton,55,29.14,74.61,0.01,37.96,1.1,0,0.0,39.2
1,55,Cotton,56,26.38,51.91,3.05,39.2,1.21,0,0.0,38.03
1,56,Cotton,57,29.3,66.73,0.0,38.03,1.17,0,0.0,38.9
1,57,Cotton,58,34.5,41.99,3.05,38.9,1.56,0,0.0,38.12
1,58,Cotton,59,29.25,60.2,0.55,38.12,1.23,0,0.0,36.97
1,59,Cotton,60,29.13,67.71,0.0,36.97,1.16,0,0.0,35.59
1,60,Cotton,61,29.47,44.28,0.0,35.59,1.37,1,5.29,40.15
1,61,Cotton,62,28.87,36.75,0.85,40.15,1.42,0,0.0,39.96
1,62,Cotton,63,22.04,64.85,0.99,39.96,0.98,0,0.0,39.71
1,63,Cotton,64,24.24,38.04,1.24,39.71,1.25,0,0.0,38.91
1,64,Cotton,65,32.82,61.19,0.64,38.91,1.32,0,0.0,37.82
1,65,Cotton,66,23.66,57.19,0.0,37.82,1.08,0,0.0,41.22
1,66,Cotton,67,23.55,42.76,5.72,41.22,1.19,0,0.0,40.21
1,67,Cotton,68,32.39,51.41,0.49,40.21,1.4,0,0.0,39.34
1,68,Cotton,69,28.07,76.8,0.22,39.34,1.05,0,0.0,39.17
1,69,Cotton,70,20.97,54.48,1.06,39.17,1.02,0,0.0,41.47
1,70,Cotton,71,22.65,62.24,4.14,41.47,1.01,0,0.0,44.59
1,71,Cotton,72,27.38,66.11,5.3,44.59,1.12,0,0.0,45.16
1,72,Cotton,73,23.77,32.28,2.31,45.16,1.27,0,0.0,44.12
1,73,Cotton,74,23.37,47.31,0.13,44.12,1.15,0,0.0,43.06
1,74,Cotton,75,28.87,60.78,0.19,43.06,1.21,0,0.0,47.86
1,75,Cotton,76,29.15,42.87,7.72,47.86,1.37,0,0.0,48.63
1,76,Cotton,77,28.29,37.86,2.7,48.63,1.39,0,0.0,48.15
1,77,Cotton,78,32.36,70.99,0.92,48.15,1.22,0,0.0,48.49
1,78,Cotton,79,21.11,40.93,1.81,48.49,1.12,0,0.0,49.95
1,79,Cotton,80,29.52,58.86,3.39,49.95,1.25,0,0.0,50.36
1,80,Cotton,81,30.58,95.0,1.7,50.36,0.95,0,0.0,50.41
1,81,Cotton,82,34.65,69.82,1.68,50.41,1.29,0,0.0,49.32
1,82,Cotton,83,26.42,66.38,0.0,49.32,1.09,0,0.0,47.95
1,83,Cotton,84,28.83,42.16,0.0,47.95,1.37,0,0.0,46.06
1,84,Cotton,85,39.57,26.99,0.0,46.06,1.9,0,0.0,44.9
1,85,Cotton,86,25.93,56.2,0.0,44.9,1.16,0,0.0,43.87
1,86,Cotton,87,25.64,71.33,0.0,43.87,1.03,0,0.0,42.42
1,87,Cotton,88,35.8,56.93,0.0,42.42,1.45,0,0.0,41.32
1,88,Cotton,89,24.35,58.25,0.0,41.32,1.09,0,0.0,40.45
1,89,Cotton,90,39.95,82.65,0.53,40.45,1.3,0,0.0,40.88
1,90,Cotton,91,17.87,57.8,1.67,40.88,0.9,0,0.0,39.52
1,91,Cotton,92,25.78,29.96,0.0,39.52,1.37,0,0.0,38.33
1,92,Cotton,93,30.52,67.99,0.0,38.33,1.19,0,0.0,37.11
1,93,Cotton,94,26.33,50.23,0.0,37.11,1.22,0,0.0,36.19
1,94,Cotton,95,36.83,61.07,0.66,36.19,1.44,0,0.0,35.44
1,95,Cotton,96,29.89,79.77,0.39,35.44,1.07,1,5.48,39.87
1,96,Cotton,97,20.4,47.74,0.0,39.87,1.05,0,0.0,38.9
1,97,Cotton,98,26.81,83.08,0.0,38.9,0.96,0,0.0,38.09
1,98,Cotton,99,11.79,39.63,0.0,38.09,0.81,0,0.0,37.37
1,99,Cotton,100,18.03,35.5,0.41,37.37,1.05,0,0.0,36.22
1,100,Cotton,101,25.8,56.96,0.0,36.22,1.15,0,0.0,37.19
1,101,Cotton,102,28.29,90.22,2.38,37.19,0.94,0,0.0,36.16
1,102,Cotton,103,23.09,61.93,0.0,36.16,1.03,0,0.0,35.18
1,103,Cotton,104,26.99,55.91,0.26,35.18,1.19,1,5.79,39.8
1,104,Cotton,105,28.57,64.93,0.0,39.8,1.16,0,0.0,38.98
1,105,Cotton,106,24.92,86.67,0.08,38.98,0.89,0,0.0,41.84
1,106,Cotton,107,27.24,63.82,5.0,41.84,1.14,0,0.0,40.71
1,107,Cotton,108,25.57,58.11,0.0,40.71,1.13,0,0.0,39.66
1,108,Cotton,109,25.05,67.74,0.0,39.66,1.04,0,0.0,40.65
1,109,Cotton,110,32.76,76.79,2.7,40.65,1.17,0,0.0,39.38
1,110,Cotton,111,32.06,64.44,0.0,39.38,1.27,0,0.0,39.4
1,111,Cotton,112,30.76,44.35,1.79,39.4,1.41,0,0.0,38.18
1,112,Cotton,113,27.9,56.76,0.0,38.18,1.21,0,0.0,40.26
1,113,Cotton,114,24.65,72.43,3.84,40.26,0.99,0,0.0,40.22
1,114,Cotton,115,26.91,71.48,1.28,40.22,1.06,0,0.0,41.61
1,115,Cotton,116,25.96,58.92,3.16,41.61,1.14,0,0.0,40.18
1,116,Cotton,117,34.53,55.32,0.0,40.18,1.43,0,0.0,39.09
1,117,Cotton,118,26.8,67.81,0.0,39.09,1.09,0,0.0,41.4
1,118,Cotton,119,29.62,53.05,4.52,41.4,1.3,0,0.0,40.05
1,119,Cotton,120,37.56,70.98,0.0,40.05,1.36,0,0.0,39.42
1,120,Cotton,121,22.97,36.79,0.73,39.42,1.21,0,0.0,39.45
1,121,Cotton,122,31.85,65.01,1.62,39.45,1.26,0,0.0,38.11
1,122,Cotton,123,27.94,41.54,0.0,38.11,1.34,0,0.0,39.66
1,123,Cotton,124,17.55,81.56,2.87,39.66,0.74,0,0.0,38.52
1,124,Cotton,125,23.87,50.18,0.0,38.52,1.14,0,0.0,37.38
1,125,Cotton,126,31.07,75.37,0.0,37.38,1.14,0,0.0,36.05
1,126,Cotton,127,29.22,47.4,0.0,36.05,1.34,0,0.0,34.85
1,127,Cotton,128,30.8,68.09,0.0,34.85,1.2,1,6.19,41.36
1,128,Cotton,129,20.76,33.89,1.85,41.36,1.16,0,0.0,40.39
1,129,Cotton,130,24.68,75.4,0.0,40.39,0.97,0,0.0,39.3
1,130,Cotton,131,29.55,77.13,0.0,39.3,1.08,0,0.0,38.12
1,131,Cotton,132,26.49,54.93,0.0,38.12,1.19,0,0.0,37.72
1,132,Cotton,133,29.61,42.59,1.24,37.72,1.39,0,0.0,36.42
1,133,Cotton,134,30.46,56.33,0.0,36.42,1.3,0,0.0,35.03
1,134,Cotton,135,31.45,48.98,0.0,35.03,1.39,1,5.97,46.61
1,135,Cotton,136,28.35,69.75,8.41,46.61,1.12,0,0.0,49.64
1,136,Cotton,137,28.49,43.4,5.47,49.64,1.35,0,0.0,48.83
1,137,Cotton,138,39.38,61.09,0.88,48.83,1.52,0,0.0,47.34
1,138,Cotton,139,38.77,43.49,0.26,47.34,1.69,0,0.0,46.6
1,139,Cotton,140,27.45,69.64,0.44,46.6,1.09,0,0.0,45.43
1,140,Cotton,141,23.8,46.01,0.0,45.43,1.17,0,0.0,43.77
1,141,Cotton,142,33.16,27.85,0.0,43.77,1.65,0,0.0,42.74
1,142,Cotton,143,29.71,83.14,0.0,42.74,1.04,0,0.0,41.55
1,143,Cotton,144,30.86,69.56,0.0,41.55,1.19,0,0.0,43.83
1,144,Cotton,145,21.4,82.47,3.9,43.83,0.83,0,0.0,44.04
1,145,Cotton,146,27.63,50.77,1.83,44.04,1.26,0,0.0,47.61
1,146,Cotton,147,19.43,75.31,5.51,47.61,0.83,0,0.0,46.37
1,147,Cotton,148,29.38,59.18,0.0,46.37,1.24,0,0.0,45.33
1,148,Cotton,149,20.03,46.01,0.0,45.33,1.05,0,0.0,55.97
1,149,Cotton,0,29.3,59.54,14.84,55.97,1.23,0,0.0,55.89
1,150,Cotton,1,28.03,55.7,1.43,55.89,1.23,0,0.0,54.51
1,151,Cotton,2,26.43,31.01,0.0,54.51,1.38,0,0.0,53.32
1,152,Cotton,3,28.6,62.72,0.0,53.32,1.18,0,0.0,52.15
1,153,Cotton,4,33.3,78.12,0.0,52.15,1.17,0,0.0,50.77
1,154,Cotton,5,29.66,43.77,0.0,50.77,1.38,0,0.0,51.58
1,155,Cotton,6,28.57,78.27,2.32,51.58,1.05,0,0.0,52.45
1,156,Cotton,7,38.3,81.33,2.69,52.45,1.27,0,0.0,51.35
1,157,Cotton,8,22.9,50.96,0.0,51.35,1.11,0,0.0,50.95
1,158,Cotton,9,31.23,75.53,0.94,50.95,1.14,0,0.0,49.75
1,159,Cotton,10,25.83,49.87,0.0,49.75,1.21,0,0.0,48.1
1,160,Cotton,11,33.29,28.62,0.0,48.1,1.65,0,0.0,46.71
1,161,Cotton,12,32.43,52.94,0.0,46.71,1.39,0,0.0,45.26
1,162,Cotton,13,35.51,56.11,0.0,45.26,1.45,0,0.0,47.5
1,163,Cotton,14,32.91,59.96,4.47,47.5,1.34,0,0.0,46.52
1,164,Cotton,15,19.48,54.17,0.0,46.52,0.98,0,0.0,45.34
1,165,Cotton,16,27.97,61.05,0.0,45.34,1.18,0,0.0,44.38
1,166,Cotton,17,21.48,65.05,0.0,44.38,0.96,0,0.0,43.37
1,167,Cotton,18,22.49,62.32,0.0,43.37,1.01,0,0.0,42.83
1,168,Cotton,19,27.69,69.33,0.7,42.83,1.1,0,0.0,41.61
1,169,Cotton,20,25.77,47.86,0.0,41.61,1.22,0,0.0,40.37
1,170,Cotton,21,25.35,43.11,0.0,40.37,1.25,0,0.0,39.34
1,171,Cotton,22,20.83,52.13,0.0,39.34,1.03,0,0.0,37.81
1,172,Cotton,23,37.82,55.53,0.0,37.81,1.53,0,0.0,36.66
1,173,Cotton,24,30.57,73.07,0.0,36.66,1.15,0,0.0,36.84
1,174,Cotton,25,27.44,51.69,1.78,36.84,1.24,0,0.0,35.79
1,175,Cotton,26,24.32,63.69,0.0,35.79,1.05,1,5.05,39.71
1,176,Cotton,27,26.62,20.47,0.43,39.71,1.47,0,0.0,39.31
1,177,Cotton,28,24.87,22.12,1.25,39.31,1.39,0,0.0,38.04
1,178,Cotton,29,30.88,59.67,0.0,38.04,1.28,0,0.0,36.96
1,179,Cotton,30,23.14,56.19,0.0,36.96,1.07,0,0.0,36.0
1,180,Cotton,31,19.97,58.05,0.0,36.0,0.96,1,4.8,39.59
1,181,Cotton,32,27.07,54.28,0.0,39.59,1.21,0,0.0,38.33
1,182,Cotton,33,24.77,38.78,0.0,38.33,1.26,0,0.0,37.8
1,183,Cotton,34,29.09,68.66,0.77,37.8,1.15,0,0.0,36.76
1,184,Cotton,35,27.96,77.2,0.0,36.76,1.04,0,0.0,36.32
1,185,Cotton,36,39.87,70.22,1.24,36.32,1.43,0,0.0,35.22
1,186,Cotton,37,22.81,52.14,0.0,35.22,1.09,1,5.73,39.46
1,187,Cotton,38,34.98,35.36,0.19,39.46,1.64,0,0.0,38.5
1,188,Cotton,39,21.01,63.44,0.0,38.5,0.96,0,0.0,37.27
1,189,Cotton,40,25.71,45.61,0.0,37.27,1.24,0,0.0,36.02
1,190,Cotton,41,25.04,42.04,0.0,36.02,1.24,0,0.0,40.5
1,191,Cotton,42,15.49,65.27,6.58,40.5,0.79,0,0.0,43.57
1,192,Cotton,43,26.81,41.39,5.48,43.57,1.31,0,0.0,42.34
1,193,Cotton,44,29.19,59.1,0.0,42.34,1.23,0,0.0,43.94
1,194,Cotton,45,30.5,40.34,3.8,43.94,1.44,0,0.0,42.65
1,195,Cotton,46,38.22,79.29,0.0,42.65,1.29,0,0.0,41.59
1,196,Cotton,47,24.69,63.56,0.0,41.59,1.06,0,0.0,39.95
1,197,Cotton,48,29.4,13.89,0.0,39.95,1.64,0,0.0,38.56
1,198,Cotton,49,29.3,41.44,0.0,38.56,1.39,0,0.0,37.53
2,0,Maize,1,24.26,22.92,0.09,49.41,1.61,0,0.0,48.88
2,1,Maize,2,21.0,58.44,0.81,48.88,1.17,0,0.0,48.21
2,2,Maize,3,39.95,45.93,1.66,48.21,2.0,0,0.0,50.2
2,3,Maize,4,25.2,77.58,3.9,50.2,1.14,0,0.0,49.44
2,4,Maize,5,31.34,52.16,1.06,49.44,1.6,0,0.0,49.38
2,5,Maize,6,30.66,65.45,1.71,49.38,1.44,0,0.0,48.07
2,6,Maize,7,25.79,61.88,0.0,48.07,1.3,0,0.0,46.53
2,7,Maize,8,31.71,58.65,0.0,46.53,1.54,0,0.0,44.92
2,8,Maize,9,36.55,67.37,0.0,44.92,1.61,1,6.1,49.88
2,9,Maize,10,30.76,59.43,0.46,49.88,1.5,0,0.0,49.19
2,10,Maize,11,16.37,77.66,0.22,49.19,0.87,0,0.0,47.77
2,11,Maize,12,21.95,30.8,0.02,47.77,1.44,0,0.0,46.89
2,12,Maize,13,16.55,76.49,0.0,46.89,0.88,0,0.0,45.46
2,13,Maize,14,32.58,71.36,0.0,45.46,1.43,1,5.45,50.58
2,14,Maize,15,27.94,70.82,1.21,50.58,1.29,0,0.0,50.36
2,15,Maize,16,32.14,70.15,1.52,50.36,1.43,0,0.0,49.72
2,16,Maize,17,26.24,48.62,1.0,49.72,1.45,0,0.0,47.96
2,17,Maize,18,36.21,54.42,0.0,47.96,1.75,0,0.0,46.99
2,18,Maize,19,16.78,65.14,0.0,46.99,0.97,0,0.0,45.95
2,19,Maize,20,28.28,92.59,0.05,45.95,1.08,1,4.86,50.95
2,20,Maize,21,15.14,49.22,1.46,50.95,1.02,0,0.0,49.61
2,21,Maize,22,28.14,52.97,0.17,49.61,1.48,0,0.0,49.89
2,22,Maize,23,31.59,78.51,2.01,49.89,1.32,0,0.0,48.51
2,23,Maize,24,27.44,59.9,0.0,48.51,1.38,0,0.0,47.62
2,24,Maize,25,19.6,45.92,0.41,47.62,1.22,0,0.0,47.03
2,25,Maize,26,26.66,48.4,1.09,47.03,1.47,0,0.0,48.58
2,26,Maize,27,23.62,58.07,3.52,48.58,1.26,0,0.0,47.03
2,27,Maize,28,34.02,65.09,0.0,47.03,1.55,0,0.0,45.62
2,28,Maize,29,24.86,47.57,0.0,45.62,1.4,1,5.25,49.64
2,29,Maize,30,25.63,69.28,0.0,49.64,1.23,0,0.0,47.88
2,30,Maize,31,30.69,34.62,0.0,47.88,1.76,0,0.0,47.94
2,31,Maize,32,24.02,64.91,1.6,47.94,1.22,0,0.0,46.69
2,32,Maize,33,23.42,58.69,0.0,46.69,1.25,0,0.0,48.0
2,33,Maize,34,20.22,13.23,3.51,48.0,1.5,0,0.0,49.34
2,34,Maize,35,25.78,56.24,3.38,49.34,1.36,0,0.0,47.56
2,35,Maize,36,30.36,32.05,0.0,47.56,1.78,0,0.0,46.37
2,36,Maize,37,24.41,68.59,0.0,46.37,1.2,0,0.0,49.42
2,37,Maize,38,28.39,32.73,5.92,49.42,1.69,0,0.0,49.19
2,38,Maize,39,39.38,30.56,2.44,49.19,2.18,0,0.0,48.0
2,39,Maize,40,21.3,57.23,0.0,48.0,1.19,0,0.0,46.5
2,40,Maize,41,23.65,30.82,0.0,46.5,1.51,0,0.0,45.31
2,41,Maize,42,25.16,71.93,0.0,45.31,1.19,1,5.63,51.62
2,42,Maize,43,20.83,76.98,2.12,51.62,1.01,0,0.0,51.36
2,43,Maize,44,19.75,65.51,1.0,51.36,1.07,0,0.0,49.85
2,44,Maize,45,40.15,84.25,0.0,49.85,1.51,0,0.0,48.11
2,45,Maize,46,35.96,54.73,0.0,48.11,1.74,0,0.0,47.77
2,46,Maize,47,25.16,51.68,1.3,47.77,1.38,0,0.0,46.18
2,47,Maize,48,30.57,50.58,0.0,46.18,1.59,0,0.0,44.13
2,48,Maize,49,34.11,22.39,0.0,44.13,2.05,1,7.04,49.75
2,49,Maize,50,28.13,33.84,0.31,49.75,1.67,0,0.0,50.14
2,50,Maize,51,32.06,26.79,2.87,50.14,1.91,0,0.0,49.88
2,51,Maize,52,36.58,61.61,1.77,49.88,1.68,0,0.0,49.86
2,52,Maize,53,28.07,55.92,1.79,49.86,1.44,0,0.0,48.31
2,53,Maize,54,26.62,39.14,0.0,48.31,1.55,0,0.0,47.64
2,54,Maize,55,29.15,44.26,1.16,47.64,1.6,0,0.0,47.01
2,55,Maize,56,29.65,68.05,0.93,47.01,1.37,0,0.0,45.64
2,56,Maize,57,29.14,66.22,0.0,45.64,1.38,1,5.24,49.66
2,57,Maize,58,25.71,71.33,0.0,49.66,1.21,0,0.0,49.62
2,58,Maize,59,25.62,70.24,1.47,49.62,1.22,0,0.0,47.94
2,59,Maize,60,32.75,49.59,0.0,47.94,1.68,0,0.0,51.87
2,60,Maize,61,28.83,40.36,6.95,51.87,1.63,0,0.0,50.65
2,61,Maize,62,21.33,53.18,0.0,50.65,1.22,0,0.0,49.62
2,62,Maize,63,36.51,56.32,0.9,49.62,1.74,0,0.0,48.82
2,63,Maize,64,21.21,47.96,0.57,48.82,1.26,0,0.0,50.02
2,64,Maize,65,22.78,51.66,3.12,50.02,1.29,0,0.0,50.14
2,65,Maize,66,33.52,72.27,1.96,50.14,1.45,0,0.0,48.46
2,66,Maize,67,34.73,56.9,0.0,48.46,1.67,0,0.0,46.94
2,67,Maize,68,27.26,44.81,0.0,46.94,1.52,0,0.0,45.64
2,68,Maize,69,25.19,59.71,0.0,45.64,1.3,1,5.24,50.38
2,69,Maize,70,23.51,41.36,1.13,50.38,1.41,0,0.0,48.58
2,70,Maize,71,31.56,35.01,0.0,48.58,1.8,0,0.0,46.96
2,71,Maize,72,33.93,58.86,0.0,46.96,1.62,0,0.0,45.79
2,72,Maize,73,25.91,76.82,0.0,45.79,1.17,1,5.05,49.33
2,73,Maize,74,28.74,51.66,0.0,49.33,1.51,0,0.0,50.85
2,74,Maize,75,26.87,73.11,3.44,50.85,1.23,0,0.0,53.08
2,75,Maize,76,31.74,77.51,4.46,53.08,1.34,0,0.0,51.52
2,76,Maize,77,30.6,53.23,0.0,51.52,1.56,0,0.0,50.41
2,77,Maize,78,19.23,53.14,0.05,50.41,1.15,0,0.0,50.67
2,78,Maize,79,29.42,50.79,2.25,50.67,1.54,0,0.0,49.63
2,79,Maize,80,25.6,89.48,0.0,49.63,1.04,0,0.0,48.89
2,80,Maize,81,22.77,28.29,0.94,48.89,1.49,0,0.0,47.91
2,81,Maize,82,23.28,89.54,0.0,47.91,0.97,0,0.0,47.86
2,82,Maize,83,26.46,45.12,1.79,47.86,1.49,0,0.0,46.67
2,83,Maize,84,29.09,84.19,0.0,46.67,1.19,0,0.0,45.97
2,84,Maize,85,34.42,65.34,1.08,45.97,1.56,1,4.84,51.89
2,85,Maize,86,28.2,55.17,3.17,51.89,1.46,0,0.0,50.38
2,86,Maize,87,34.77,70.43,0.0,50.38,1.52,0,0.0,49.22
2,87,Maize,88,26.45,56.74,0.27,49.22,1.38,0,0.0,48.09
2,88,Maize,89,18.24,50.81,0.0,48.09,1.13,0,0.0,46.87
2,89,Maize,90,23.9,64.24,0.0,46.87,1.22,0,0.0,46.1
2,90,Maize,91,34.78,49.61,1.23,46.1,1.76,0,0.0,44.56
2,91,Maize,92,27.67,45.05,0.0,44.56,1.54,1,6.52,49.62
2,92,Maize,93,34.74,74.46,0.0,49.62,1.47,0,0.0,50.94
2,93,Maize,94,23.72,95.0,2.83,50.94,0.94,0,0.0,50.08
2,94,Maize,95,15.35,74.47,0.0,50.08,0.86,0,0.0,48.48
2,95,Maize,96,34.67,59.77,0.05,48.48,1.64,0,0.0,46.95
2,96,Maize,97,34.15,67.54,0.0,46.95,1.53,0,0.0,45.29
2,97,Maize,98,33.05,52.06,0.0,45.29,1.67,1,5.65,49.44
2,98,Maize,99,29.28,54.7,0.0,49.44,1.5,0,0.0,51.02
2,99,Maize,0,25.81,37.2,3.89,51.02,1.54,0,0.0,49.68
2,100,Maize,1,27.88,46.67,0.24,49.68,1.53,0,0.0,48.14
2,101,Maize,2,24.61,32.18,0.0,48.14,1.54,0,0.0,47.22
2,102,Maize,3,29.43,23.72,1.14,47.22,1.83,0,0.0,45.76
2,103,Maize,4,27.96,52.98,0.0,45.76,1.47,1,5.09,49.65
2,104,Maize,5,30.27,66.16,0.28,49.65,1.41,0,0.0,48.08
2,105,Maize,6,30.3,51.25,0.0,48.08,1.57,0,0.0,46.55
2,106,Maize,7,26.77,41.75,0.0,46.55,1.53,0,0.0,50.01
2,107,Maize,8,30.82,32.01,6.57,50.01,1.8,0,0.0,51.2
2,108,Maize,9,29.22,68.92,3.18,51.2,1.35,0,0.0,51.39
2,109,Maize,10,27.25,45.11,2.14,51.39,1.52,0,0.0,49.75
2,110,Maize,11,31.09,47.44,0.0,49.75,1.64,0,0.0,48.25
2,111,Maize,12,27.36,47.48,0.0,48.25,1.5,0,0.0,46.89
2,112,Maize,13,30.58,72.91,0.0,46.89,1.35,0,0.0,45.08
2,113,Maize,14,40.51,62.04,0.0,45.08,1.81,1,5.9,49.25
2,114,Maize,15,28.54,29.37,0.0,49.25,1.73,0,0.0,48.28
2,115,Maize,16,39.18,45.01,1.26,48.28,1.98,0,0.0,47.02
2,116,Maize,17,27.33,71.89,0.0,47.02,1.26,0,0.0,45.34
2,117,Maize,18,27.1,28.57,0.0,45.34,1.68,1,5.59,50.28
2,118,Maize,19,30.53,51.99,1.16,50.28,1.57,0,0.0,48.89
2,119,Maize,20,23.17,42.2,0.0,48.89,1.39,0,0.0,47.52
2,120,Maize,21,26.82,56.53,0.02,47.52,1.39,0,0.0,46.07
2,121,Maize,22,32.54,55.54,0.19,46.07,1.61,0,0.0,46.84
2,122,Maize,23,30.72,85.25,2.5,46.84,1.23,0,0.0,47.67
2,123,Maize,24,28.79,80.97,2.55,47.67,1.21,0,0.0,46.27
2,124,Maize,25,24.81,47.89,0.0,46.27,1.4,0,0.0,47.99
2,125,Maize,26,22.16,43.86,3.82,47.99,1.33,0,0.0,46.38
2,126,Maize,27,29.59,45.56,0.0,46.38,1.61,0,0.0,44.73
2,127,Maize,28,33.2,53.58,0.0,44.73,1.65,1,6.32,52.42
2,128,Maize,29,25.29,64.58,3.29,52.42,1.26,0,0.0,51.23
2,129,Maize,30,23.95,67.93,0.0,51.23,1.19,0,0.0,49.85
2,130,Maize,31,26.76,46.08,0.14,49.85,1.49,0,0.0,48.33
2,131,Maize,32,26.58,41.77,0.0,48.33,1.53,0,0.0,46.94
2,132,Maize,33,26.89,57.85,0.0,46.94,1.38,0,0.0,47.19
2,133,Maize,34,27.77,50.05,2.17,47.19,1.49,0,0.0,46.94
2,134,Maize,35,22.07,49.02,1.3,46.94,1.29,0,0.0,46.82
2,135,Maize,36,25.22,62.38,1.45,46.82,1.28,0,0.0,45.39
2,136,Maize,37,31.76,69.65,0.0,45.39,1.43,1,5.53,50.31
2,137,Maize,38,25.07,83.66,0.59,50.31,1.08,0,0.0,49.34
2,138,Maize,39,19.47,75.74,0.0,49.34,0.98,0,0.0,49.66
2,139,Maize,40,25.75,71.9,1.92,49.66,1.21,0,0.0,51.47
2,140,Maize,41,27.44,36.63,4.28,51.47,1.61,0,0.0,49.8
2,141,Maize,42,34.49,56.62,0.0,49.8,1.67,0,0.0,48.36
2,142,Maize,43,30.32,63.67,0.0,48.36,1.44,0,0.0,48.79
2,143,Maize,44,30.15,58.65,2.39,48.79,1.49,0,0.0,47.61
2,144,Maize,45,18.77,46.5,0.0,47.61,1.18,0,0.0,46.13
2,145,Maize,46,32.71,67.9,0.0,46.13,1.48,0,0.0,44.84
2,146,Maize,47,30.01,65.35,0.15,44.84,1.41,1,6.19,48.8
2,147,Maize,48,40.58,30.15,0.0,48.8,2.23,0,0.0,47.21
2,148,Maize,49,27.21,37.2,0.01,47.21,1.6,0,0.0,49.91
2,149,Maize,50,30.57,51.15,5.35,49.91,1.58,0,0.0,48.29
2,150,Maize,51,27.19,34.88,0.0,48.29,1.62,0,0.0,46.81
2,151,Maize,52,36.19,77.52,0.0,46.81,1.48,0,0.0,45.67
2,152,Maize,53,20.57,59.75,0.0,45.67,1.14,1,5.19,50.03
2,153,Maize,54,21.37,72.32,0.28,50.03,1.07,0,0.0,48.52
2,154,Maize,55,29.48,54.39,0.0,48.52,1.51,0,0.0,46.64
2,155,Maize,56,37.81,49.22,0.0,46.64,1.88,0,0.0,48.78
2,156,Maize,57,34.08,66.13,4.6,48.78,1.54,0,0.0,48.36
2,157,Maize,58,29.29,62.04,1.27,48.36,1.42,0,0.0,46.98
2,158,Maize,59,26.38,55.71,0.0,46.98,1.38,0,0.0,46.67
2,159,Maize,60,24.95,37.8,1.49,46.67,1.5,0,0.0,45.05
2,160,Maize,61,33.12,56.37,0.0,45.05,1.62,1,5.94,49.78
2,161,Maize,62,25.64,71.13,0.0,49.78,1.21,0,0.0,48.26
2,162,Maize,63,32.6,63.29,0.0,48.26,1.52,0,0.0,46.76
2,163,Maize,64,29.76,56.99,0.0,46.76,1.49,0,0.0,45.75
2,164,Maize,65,29.05,68.2,0.42,45.75,1.35,1,5.11,52.97
2,165,Maize,66,20.33,67.92,3.97,52.97,1.07,0,0.0,52.82
2,166,Maize,67,28.73,62.83,1.56,52.82,1.4,0,0.0,52.3
2,167,Maize,68,26.32,91.2,0.66,52.3,1.04,0,0.0,51.94
2,168,Maize,69,38.78,72.58,1.56,51.94,1.62,0,0.0,50.59
2,169,Maize,70,25.1,54.64,0.0,50.59,1.35,0,0.0,48.99
2,170,Maize,71,36.43,48.1,0.3,48.99,1.84,0,0.0,48.24
2,171,Maize,72,26.51,87.45,0.41,48.24,1.08,0,0.0,47.54
2,172,Maize,73,26.23,24.6,1.23,47.54,1.68,0,0.0,46.28
2,173,Maize,74,27.07,70.64,0.0,46.28,1.26,0,0.0,45.27
2,174,Maize,75,21.44,72.98,0.06,45.27,1.06,1,5.68,49.65
2,175,Maize,76,23.78,54.8,0.0,49.65,1.3,0,0.0,48.07
2,176,Maize,77,25.94,33.82,0.0,48.07,1.58,0,0.0,50.72
2,177,Maize,78,26.32,60.28,4.98,50.72,1.34,0,0.0,49.4
2,178,Maize,79,33.66,50.88,0.48,49.4,1.7,0,0.0,47.92
2,179,Maize,80,32.37,66.52,0.0,47.92,1.48,0,0.0,46.96
2,180,Maize,81,32.76,95.0,0.27,46.96,1.17,0,0.0,45.76
2,181,Maize,82,27.59,49.4,0.36,45.76,1.49,1,5.08,49.73
2,182,Maize,83,34.58,61.59,0.63,49.73,1.61,0,0.0,48.32
2,183,Maize,84,21.61,31.77,0.0,48.32,1.41,0,0.0,48.24
2,184,Maize,85,25.55,64.34,1.49,48.24,1.27,0,0.0,46.61
2,185,Maize,86,36.28,31.89,0.5,46.61,2.03,0,0.0,44.76
2,186,Maize,87,29.15,20.13,0.0,44.76,1.85,1,6.29,49.51
2,187,Maize,88,27.46,43.96,0.0,49.51,1.54,0,0.0,47.66
2,188,Maize,89,36.05,30.31,0.23,47.66,2.04,0,0.0,46.86
2,189,Maize,90,24.57,59.13,0.61,46.86,1.29,0,0.0,47.28
2,190,Maize,91,23.63,30.61,2.4,47.28,1.51,0,0.0,46.07
2,191,Maize,92,28.08,53.59,0.33,46.07,1.47,0,0.0,44.81
2,192,Maize,93,20.97,46.71,0.0,44.81,1.26,1,6.23,49.76
2,193,Maize,94,27.25,69.93,0.0,49.76,1.28,0,0.0,47.85
2,194,Maize,95,37.76,46.15,0.0,47.85,1.91,0,0.0,49.31
2,195,Maize,96,38.95,36.1,4.44,49.31,2.09,0,0.0,47.81
2,196,Maize,97,24.29,35.43,0.0,47.81,1.49,0,0.0,46.82
2,197,Maize,98,19.82,73.09,0.03,46.82,1.01,0,0.0,45.4
2,198,Maize,99,31.54,69.55,0.0,45.4,1.42,1,5.51,49.64
3,0,Cotton,1,28.24,44.69,4.02,39.58,1.33,0,0.0,38.23
3,1,Cotton,2,31.66,53.79,0.0,38.23,1.36,0,0.0,37.09
3,2,Cotton,3,25.06,55.14,0.0,37.09,1.14,0,0.0,35.76
3,3,Cotton,4,32.58,60.2,0.0,35.76,1.32,1,5.09,40.75
3,4,Cotton,5,17.5,95.0,0.7,40.75,0.66,0,0.0,39.2
3,5,Cotton,6,33.54,39.4,0.0,39.2,1.55,0,0.0,37.84
3,6,Cotton,7,29.38,45.24,0.0,37.84,1.36,0,0.0,37.35
3,7,Cotton,8,27.05,58.26,0.86,37.35,1.18,0,0.0,36.71
3,8,Cotton,9,27.85,85.05,0.42,36.71,0.97,0,0.0,35.59
3,9,Cotton,10,29.01,70.76,0.0,35.59,1.13,1,5.29,40.28
3,10,Cotton,11,28.99,61.74,0.76,40.28,1.2,0,0.0,38.79
3,11,Cotton,12,31.19,37.85,0.0,38.79,1.49,0,0.0,38.23
3,12,Cotton,13,24.14,59.45,0.64,38.23,1.08,0,0.0,39.12
3,13,Cotton,14,27.68,59.93,2.59,39.12,1.18,0,0.0,38.97
3,14,Cotton,15,29.7,76.53,1.18,38.97,1.09,0,0.0,37.9
3,15,Cotton,16,26.78,69.46,0.0,37.9,1.08,0,0.0,37.68
3,16,Cotton,17,33.23,63.55,1.37,37.68,1.31,0,0.0,38.19
3,17,Cotton,18,26.51,75.64,1.91,38.19,1.02,0,0.0,36.81
3,18,Cotton,19,28.6,39.57,0.0,36.81,1.38,0,0.0,35.58
3,19,Cotton,20,22.52,33.4,0.0,35.58,1.22,1,5.3,39.96
3,20,Cotton,21,23.57,78.29,0.0,39.96,0.92,0,0.0,38.67
3,21,Cotton,22,24.81,35.15,0.0,38.67,1.29,0,0.0,37.89
3,22,Cotton,23,28.85,44.5,0.71,37.89,1.35,0,0.0,37.03
3,23,Cotton,24,24.56,88.79,0.0,37.03,0.86,0,0.0,35.93
3,24,Cotton,25,28.3,71.89,0.0,35.93,1.1,1,4.89,39.82
3,25,Cotton,26,21.05,30.32,0.24,39.82,1.19,0,0.0,39.46
3,26,Cotton,27,39.64,65.88,1.4,39.46,1.47,0,0.0,42.03
3,27,Cotton,28,30.97,67.8,4.73,42.03,1.21,0,0.0,43.88
3,28,Cotton,29,26.74,60.88,3.74,43.88,1.15,0,0.0,42.73
3,29,Cotton,30,24.23,50.79,0.0,42.73,1.15,0,0.0,41.52
3,30,Cotton,31,23.65,40.24,0.0,41.52,1.21,0,0.0,40.44
3,31,Cotton,32,28.9,75.88,0.0,40.44,1.08,0,0.0,39.09
3,32,Cotton,33,35.57,66.6,0.0,39.09,1.35,0,0.0,37.98
3,33,Cotton,34,23.09,51.63,0.0,37.98,1.11,0,0.0,36.96
3,34,Cotton,35,23.15,63.27,0.0,36.96,1.02,0,0.0,36.0
3,35,Cotton,36,24.99,59.8,0.18,36.0,1.1,0,0.0,34.62
3,36,Cotton,37,34.99,53.87,0.1,34.62,1.46,1,6.46,43.41
3,37,Cotton,38,28.63,48.56,4.55,43.41,1.31,0,0.0,44.3
3,38,Cotton,39,34.03,60.76,2.81,44.3,1.36,0,0.0,43.41
3,39,Cotton,40,24.49,45.06,0.39,43.41,1.2,0,0.0,44.44
3,40,Cotton,41,33.75,50.49,3.11,44.44,1.45,0,0.0,44.55
3,41,Cotton,42,21.78,44.61,1.53,44.55,1.12,0,0.0,43.12
3,42,Cotton,43,32.01,46.59,0.0,43.12,1.43,0,0.0,42.38
3,43,Cotton,44,24.63,59.18,0.46,42.38,1.1,0,0.0,40.61
3,44,Cotton,45,39.11,36.43,0.0,40.61,1.78,0,0.0,39.33
3,45,Cotton,46,31.17,61.21,0.0,39.33,1.27,0,0.0,38.22
3,46,Cotton,47,34.12,79.35,0.08,38.22,1.18,0,0.0,37.15
3,47,Cotton,48,25.21,34.45,0.31,37.15,1.31,0,0.0,35.87
3,48,Cotton,49,29.57,54.97,0.0,35.87,1.28,1,4.95,39.9
3,49,Cotton,50,23.98,79.59,0.0,39.9,0.92,0,0.0,45.06
3,50,Cotton,51,32.88,71.56,7.98,45.06,1.22,0,0.0,43.96
3,51,Cotton,52,30.84,79.43,0.0,43.96,1.1,0,0.0,42.82
3,52,Cotton,53,22.5,44.33,0.0,42.82,1.14,0,0.0,41.48
3,53,Cotton,54,28.17,43.45,0.0,41.48,1.34,0,0.0,40.47
3,54,Cotton,55,24.89,65.52,0.05,40.47,1.05,0,0.0,39.32
3,55,Cotton,56,29.65,67.5,0.02,39.32,1.17,0,0.0,38.7
3,56,Cotton,57,22.14,36.5,0.71,38.7,1.19,0,0.0,37.28
3,57,Cotton,58,36.36,61.29,0.0,37.28,1.43,0,0.0,39.8
3,58,Cotton,59,28.48,44.79,4.82,39.8,1.34,0,0.0,38.36
3,59,Cotton,60,30.69,41.19,0.0,38.36,1.44,0,0.0,37.28
3,60,Cotton,61,23.43,56.22,0.0,37.28,1.08,0,0.0,36.85
3,61,Cotton,62,24.32,73.54,0.69,36.85,0.98,0,0.0,35.53
3,62,Cotton,63,25.33,33.89,0.0,35.53,1.32,1,5.36,39.49
3,63,Cotton,64,34.07,57.13,0.0,39.49,1.4,0,0.0,39.45
3,64,Cotton,65,24.25,58.38,1.32,39.45,1.09,0,0.0,39.42
3,65,Cotton,66,28.67,52.71,1.55,39.42,1.27,0,0.0,38.25
3,66,Cotton,67,22.65,41.65,0.0,38.25,1.17,0,0.0,37.35
3,67,Cotton,68,18.82,62.62,0.0,37.35,0.9,0,0.0,35.61
3,68,Cotton,69,38.78,38.03,0.0,35.61,1.75,1,5.27,46.31
3,69,Cotton,70,27.97,67.58,8.2,46.31,1.12,0,0.0,48.26
3,70,Cotton,71,26.08,61.96,3.84,48.26,1.12,0,0.0,47.0
3,71,Cotton,72,28.41,53.52,0.0,47.0,1.26,0,0.0,45.76
3,72,Cotton,73,30.84,63.99,0.0,45.76,1.24,0,0.0,44.46
3,73,Cotton,74,27.13,43.66,0.0,44.46,1.3,0,0.0,48.28
3,74,Cotton,75,22.82,74.7,5.93,48.28,0.93,0,0.0,46.95
3,75,Cotton,76,33.43,62.12,0.0,46.95,1.33,0,0.0,46.4
3,76,Cotton,77,40.32,50.5,1.39,46.4,1.66,0,0.0,45.0
3,77,Cotton,78,28.05,35.32,0.0,45.0,1.4,0,0.0,43.7
3,78,Cotton,79,26.14,40.12,0.0,43.7,1.3,0,0.0,46.73
3,79,Cotton,80,28.28,62.95,5.25,46.73,1.17,0,0.0,45.71
3,80,Cotton,81,18.99,45.3,0.0,45.71,1.02,0,0.0,45.05
3,81,Cotton,82,23.3,52.84,0.55,45.05,1.1,0,0.0,44.04
3,82,Cotton,83,30.7,35.76,0.6,44.04,1.49,0,0.0,43.02
3,83,Cotton,84,26.93,77.36,0.0,43.02,1.01,0,0.0,41.83
3,84,Cotton,85,25.18,48.84,0.0,41.83,1.19,0,0.0,41.34
3,85,Cotton,86,24.93,50.46,0.86,41.34,1.17,0,0.0,47.95
3,86,Cotton,87,28.08,44.07,9.93,47.95,1.33,0,0.0,46.81
3,87,Cotton,88,30.18,72.86,0.0,46.81,1.14,0,0.0,45.81
3,88,Cotton,89,30.5,89.33,0.0,45.81,1.0,0,0.0,44.77
3,89,Cotton,90,21.17,51.63,0.0,44.77,1.05,0,0.0,44.22
3,90,Cotton,91,34.04,50.25,1.15,44.22,1.47,0,0.0,42.77
3,91,Cotton,92,25.12,16.13,0.0,42.77,1.45,0,0.0,41.29
3,92,Cotton,93,32.32,43.05,0.0,41.29,1.48,0,0.0,40.31
3,93,Cotton,94,20.61,57.75,0.0,40.31,0.99,0,0.0,39.29
3,94,Cotton,95,23.03,54.54,0.09,39.29,1.08,0,0.0,37.85
3,95,Cotton,96,33.98,52.62,0.0,37.85,1.44,0,0.0,36.8
3,96,Cotton,97,22.03,54.4,0.0,36.8,1.05,0,0.0,35.81
3,97,Cotton,98,27.14,80.68,0.0,35.81,0.99,1,5.03,40.74
3,98,Cotton,99,23.63,20.85,1.57,40.74,1.36,0,0.0,40.4
3,99,Cotton,100,24.65,70.6,0.83,40.4,1.01,0,0.0,41.11
3,100,Cotton,101,20.0,48.9,2.18,41.11,1.03,0,0.0,39.97
3,101,Cotton,102,38.79,45.91,0.65,39.97,1.66,0,0.0,39.12
3,102,Cotton,103,29.38,66.99,0.4,39.12,1.17,0,0.0,37.79
3,103,Cotton,104,28.16,43.7,0.0,37.79,1.33,0,0.0,37.39
3,104,Cotton,105,28.44,80.83,0.78,37.39,1.02,0,0.0,36.24
3,105,Cotton,106,26.17,57.77,0.0,36.24,1.15,0,0.0,35.28
3,106,Cotton,107,23.99,74.48,0.0,35.28,0.96,1,5.67,39.97
3,107,Cotton,108,34.0,45.15,0.67,39.97,1.51,0,0.0,38.75
3,108,Cotton,109,25.74,48.46,0.0,38.75,1.22,0,0.0,37.44
3,109,Cotton,110,33.93,65.78,0.0,37.44,1.31,0,0.0,36.29
3,110,Cotton,111,31.04,74.67,0.0,36.29,1.15,0,0.0,35.41
3,111,Cotton,112,26.39,51.24,0.41,35.41,1.21,1,5.51,39.76
3,112,Cotton,113,31.21,73.37,0.01,39.76,1.16,0,0.0,43.8
3,113,Cotton,114,24.78,68.92,6.32,43.8,1.02,0,0.0,43.62
3,114,Cotton,115,35.28,81.99,1.26,43.62,1.19,0,0.0,42.45
3,115,Cotton,116,30.69,71.09,0.0,42.45,1.17,0,0.0,41.1
3,116,Cotton,117,30.78,51.84,0.0,41.1,1.35,0,0.0,39.81
3,117,Cotton,118,22.78,25.5,0.0,39.81,1.29,0,0.0,38.51
3,118,Cotton,119,30.9,57.22,0.0,38.51,1.3,0,0.0,39.56
3,119,Cotton,120,26.89,50.85,2.86,39.56,1.23,0,0.0,40.14
3,120,Cotton,121,21.3,68.7,1.89,40.14,0.93,0,0.0,40.02
3,121,Cotton,122,27.16,59.24,1.31,40.02,1.17,0,0.0,39.47
3,122,Cotton,123,34.07,52.9,1.11,39.47,1.44,0,0.0,38.3
3,123,Cotton,124,31.31,72.6,0.0,38.3,1.17,0,0.0,40.25
3,124,Cotton,125,29.63,55.45,4.04,40.25,1.28,0,0.0,40.39
3,125,Cotton,126,30.0,45.23,1.91,40.39,1.38,0,0.0,40.7
3,126,Cotton,127,28.15,32.62,2.17,40.7,1.43,0,0.0,39.88
3,127,Cotton,128,29.54,80.53,0.28,39.88,1.05,0,0.0,39.08
3,128,Cotton,129,18.5,56.18,0.16,39.08,0.93,0,0.0,38.2
3,129,Cotton,130,31.77,60.72,0.52,38.2,1.3,0,0.0,37.12
3,130,Cotton,131,24.89,62.17,0.0,37.12,1.08,0,0.0,37.19
3,131,Cotton,132,26.95,42.24,1.72,37.19,1.31,0,0.0,36.65
3,132,Cotton,133,29.3,33.99,1.14,36.65,1.46,0,0.0,35.65
3,133,Cotton,134,22.02,61.67,0.0,35.65,1.0,1,5.23,39.79
3,134,Cotton,135,29.39,76.82,0.0,39.79,1.08,0,0.0,42.63
3,135,Cotton,136,24.08,64.72,4.84,42.63,1.04,0,0.0,41.5
3,136,Cotton,137,20.75,38.41,0.0,41.5,1.12,0,0.0,47.88
3,137,Cotton,138,31.61,49.41,9.72,47.88,1.4,0,0.0,47.39
3,138,Cotton,139,23.91,23.59,1.06,47.39,1.35,0,0.0,46.24
3,139,Cotton,140,29.12,68.99,0.0,46.24,1.14,0,0.0,44.63
3,140,Cotton,141,36.41,43.74,0.0,44.63,1.61,0,0.0,45.1
3,141,Cotton,142,20.37,73.94,1.66,45.1,0.87,0,0.0,43.73
3,142,Cotton,143,28.91,42.46,0.0,43.73,1.37,0,0.0,42.79
3,143,Cotton,144,25.18,57.77,0.23,42.79,1.12,0,0.0,41.85
3,144,Cotton,145,37.31,83.3,0.35,41.85,1.22,0,0.0,40.54
3,145,Cotton,146,33.12,63.89,0.0,40.54,1.31,0,0.0,39.48
3,146,Cotton,147,27.96,74.69,0.0,39.48,1.06,0,0.0,39.47
3,147,Cotton,148,27.15,48.2,1.57,39.47,1.26,0,0.0,38.19
3,148,Cotton,149,32.74,65.23,0.0,38.19,1.28,0,0.0,37.12
3,149,Cotton,0,22.29,52.1,0.0,37.12,1.08,0,0.0,36.0
3,150,Cotton,1,23.78,52.97,0.0,36.0,1.12,1,4.8,48.48
3,151,Cotton,2,35.57,64.46,11.31,48.48,1.37,0,0.0,47.29
3,152,Cotton,3,28.95,63.65,0.0,47.29,1.19,0,0.0,45.95
3,153,Cotton,4,34.11,63.73,0.0,45.95,1.34,0,0.0,44.5
3,154,Cotton,5,33.74,50.44,0.0,44.5,1.45,0,0.0,43.22
3,155,Cotton,6,37.42,78.15,0.0,43.22,1.28,0,0.0,42.08
3,156,Cotton,7,20.95,37.38,0.0,42.08,1.14,0,0.0,40.6
3,157,Cotton,8,28.7,28.47,0.0,40.6,1.48,0,0.0,40.93
3,158,Cotton,9,33.16,52.08,2.19,40.93,1.42,0,0.0,39.55
3,159,Cotton,10,30.57,47.01,0.0,39.55,1.38,0,0.0,38.48
3,160,Cotton,11,22.44,54.23,0.0,38.48,1.07,0,0.0,37.48
3,161,Cotton,12,27.86,81.58,0.0,37.48,1.0,0,0.0,36.22
3,162,Cotton,13,32.5,66.67,0.0,36.22,1.26,0,0.0,36.2
3,163,Cotton,14,23.01,59.53,1.28,36.2,1.05,0,0.0,34.93
3,164,Cotton,15,29.77,56.82,0.0,34.93,1.27,1,6.09,39.77
3,165,Cotton,16,27.5,51.94,0.0,39.77,1.24,0,0.0,38.46
3,166,Cotton,17,29.78,51.68,0.0,38.46,1.32,0,0.0,36.97
3,167,Cotton,18,32.57,42.95,0.0,36.97,1.49,0,0.0,35.82
3,168,Cotton,19,25.37,54.79,0.0,35.82,1.15,1,5.02,40.06
3,169,Cotton,20,15.88,68.26,0.0,40.06,0.78,0,0.0,38.91
3,170,Cotton,21,29.24,56.31,0.14,38.91,1.26,0,0.0,38.77
3,171,Cotton,22,20.19,47.06,1.12,38.77,1.05,0,0.0,37.9
3,172,Cotton,23,22.45,63.51,0.17,37.9,1.0,0,0.0,36.89
3,173,Cotton,24,30.33,54.47,0.38,36.89,1.31,0,0.0,35.75
3,174,Cotton,25,23.96,50.27,0.0,35.75,1.14,1,5.1,41.48
3,175,Cotton,26,24.33,42.85,2.3,41.48,1.21,0,0.0,40.47
3,176,Cotton,27,33.09,94.95,0.0,40.47,1.01,0,0.0,39.26
3,177,Cotton,28,30.14,65.4,0.0,39.26,1.21,0,0.0,38.21
3,178,Cotton,29,29.9,82.17,0.0,38.21,1.05,0,0.0,36.82
3,179,Cotton,30,22.64,11.18,0.0,36.82,1.39,0,0.0,35.9
3,180,Cotton,31,25.76,85.15,0.0,35.9,0.92,1,4.92,39.78
3,181,Cotton,32,31.1,85.86,0.0,39.78,1.05,0,0.0,38.34
3,182,Cotton,33,34.99,55.86,0.0,38.34,1.44,0,0.0,37.11
3,183,Cotton,34,24.77,43.01,0.0,37.11,1.23,0,0.0,35.59
3,184,Cotton,35,33.81,43.47,0.0,35.59,1.52,1,5.29,41.75
3,185,Cotton,36,29.62,51.21,2.73,41.75,1.32,0,0.0,40.63
3,186,Cotton,37,26.2,62.67,0.0,40.63,1.11,0,0.0,39.29
3,187,Cotton,38,32.42,53.83,0.05,39.29,1.38,0,0.0,38.72
3,188,Cotton,39,23.13,54.92,0.64,38.72,1.08,0,0.0,38.88
3,189,Cotton,40,25.87,72.23,1.49,38.88,1.03,0,0.0,39.27
3,190,Cotton,41,18.85,58.01,1.65,39.27,0.93,0,0.0,39.28
3,191,Cotton,42,37.37,71.2,1.7,39.28,1.35,0,0.0,37.92
3,192,Cotton,43,31.83,52.12,0.02,37.92,1.38,0,0.0,37.82
3,193,Cotton,44,30.42,42.3,1.65,37.82,1.42,0,0.0,38.99
3,194,Cotton,45,32.17,48.58,3.23,38.99,1.42,0,0.0,37.76
3,195,Cotton,46,26.33,48.95,0.0,37.76,1.23,0,0.0,36.58
3,196,Cotton,47,29.49,66.41,0.0,36.58,1.18,0,0.0,34.86
3,197,Cotton,48,38.31,38.99,0.0,34.86,1.72,1,6.17,39.8
3,198,Cotton,49,28.96,58.62,0.0,39.8,1.23,0,0.0,44.06
4,0,Sugarcane,1,29.95,43.41,0.0,60.45,1.81,0,0.0,63.37
4,1,Sugarcane,2,25.38,36.14,5.76,63.37,1.68,0,0.0,64.69
4,2,Sugarcane,3,21.71,39.86,3.51,64.69,1.48,0,0.0,68.85
4,3,Sugarcane,4,29.43,48.57,7.36,68.85,1.73,0,0.0,67.32
4,4,Sugarcane,5,29.38,65.98,0.0,67.32,1.53,0,0.0,67.67
4,5,Sugarcane,6,31.68,46.5,2.74,67.67,1.84,0,0.0,66.42
4,6,Sugarcane,7,19.88,57.42,0.0,66.42,1.25,0,0.0,64.7
4,7,Sugarcane,8,29.22,48.11,0.0,64.7,1.72,0,0.0,63.13
4,8,Sugarcane,9,29.25,61.32,0.0,63.13,1.57,0,0.0,62.22
4,9,Sugarcane,10,22.29,85.22,0.22,62.22,1.08,0,0.0,62.35
4,10,Sugarcane,11,31.98,64.28,2.21,62.35,1.64,0,0.0,60.9
4,11,Sugarcane,12,25.55,59.46,0.0,60.9,1.45,0,0.0,65.51
4,12,Sugarcane,13,30.35,39.9,8.09,65.51,1.86,0,0.0,63.67
4,13,Sugarcane,14,32.34,49.33,0.0,63.67,1.84,0,0.0,63.27
4,14,Sugarcane,15,25.03,52.12,1.38,63.27,1.51,0,0.0,63.83
4,15,Sugarcane,16,35.29,47.27,3.18,63.83,1.99,0,0.0,61.99
4,16,Sugarcane,17,31.42,46.09,0.0,61.99,1.84,0,0.0,62.58
4,17,Sugarcane,18,29.41,66.2,2.65,62.58,1.52,0,0.0,61.11
4,18,Sugarcane,19,20.2,33.58,0.0,61.11,1.47,0,0.0,59.66
4,19,Sugarcane,20,23.24,50.45,0.0,59.66,1.45,0,0.0,58.31
4,20,Sugarcane,21,27.51,76.18,0.0,58.31,1.35,0,0.0,61.01
4,21,Sugarcane,22,25.97,53.99,5.28,61.01,1.52,0,0.0,63.78
4,22,Sugarcane,23,29.94,44.55,5.71,63.78,1.79,0,0.0,63.96
4,23,Sugarcane,24,30.7,68.27,2.16,63.96,1.55,0,0.0,62.5
4,24,Sugarcane,25,28.19,57.31,0.14,62.5,1.58,0,0.0,61.6
4,25,Sugarcane,26,30.85,88.52,0.52,61.6,1.31,0,0.0,60.26
4,26,Sugarcane,27,20.64,51.07,0.0,60.26,1.34,0,0.0,58.65
4,27,Sugarcane,28,27.4,51.72,0.0,58.65,1.61,0,0.0,59.05
4,28,Sugarcane,29,19.5,62.92,1.98,59.05,1.19,0,0.0,57.6
4,29,Sugarcane,30,31.28,77.92,0.0,57.6,1.45,0,0.0,62.08
4,30,Sugarcane,31,22.01,35.9,7.52,62.08,1.53,0,0.0,62.49
4,31,Sugarcane,32,30.8,88.79,2.14,62.49,1.31,0,0.0,60.74
4,32,Sugarcane,33,25.21,29.62,0.0,60.74,1.74,0,0.0,59.84
4,33,Sugarcane,34,29.77,75.9,0.65,59.84,1.43,0,0.0,58.3
4,34,Sugarcane,35,23.96,44.27,0.0,58.3,1.54,0,0.0,56.96
4,35,Sugarcane,36,28.91,80.64,0.0,56.96,1.34,0,0.0,58.17
4,36,Sugarcane,37,25.41,58.62,3.33,58.17,1.45,0,0.0,56.78
4,37,Sugarcane,38,22.4,53.35,0.0,56.78,1.39,0,0.0,58.73
4,38,Sugarcane,39,26.26,49.67,4.42,58.73,1.58,0,0.0,57.23
4,39,Sugarcane,40,35.16,50.93,0.54,57.23,1.93,0,0.0,55.85
4,40,Sugarcane,41,23.94,60.83,0.0,55.85,1.38,1,4.97,59.27
4,41,Sugarcane,42,23.52,41.04,0.0,59.27,1.55,0,0.0,57.46
4,42,Sugarcane,43,32.53,51.77,0.0,57.46,1.82,0,0.0,58.37
4,43,Sugarcane,44,28.53,47.96,3.26,58.37,1.69,0,0.0,56.55
4,44,Sugarcane,45,27.07,31.11,0.0,56.55,1.81,0,0.0,54.39
4,45,Sugarcane,46,39.48,47.4,0.0,54.39,2.16,1,6.73,59.65
4,46,Sugarcane,47,21.56,15.53,0.29,59.65,1.7,0,0.0,57.85
4,47,Sugarcane,48,33.8,56.82,0.0,57.85,1.8,0,0.0,56.24
4,48,Sugarcane,49,29.49,59.33,0.0,56.24,1.6,0,0.0,54.96
4,49,Sugarcane,50,16.08,33.38,0.0,54.96,1.29,1,6.05,59.5
4,50,Sugarcane,51,25.46,53.27,0.0,59.5,1.51,0,0.0,59.67
4,51,Sugarcane,52,25.1,67.81,1.91,59.67,1.35,0,0.0,58.06
4,52,Sugarcane,53,33.19,56.3,0.21,58.06,1.79,0,0.0,59.42
4,53,Sugarcane,54,27.68,46.15,3.8,59.42,1.68,0,0.0,58.62
4,54,Sugarcane,55,26.15,38.15,1.12,58.62,1.7,0,0.0,57.08
4,55,Sugarcane,56,29.72,66.53,0.0,57.08,1.53,0,0.0,56.7
4,56,Sugarcane,57,22.01,70.44,1.03,56.7,1.21,0,0.0,55.04
4,57,Sugarcane,58,32.05,63.03,0.0,55.04,1.66,1,5.95,60.11
4,58,Sugarcane,59,26.12,63.64,0.69,60.11,1.43,0,0.0,58.59
4,59,Sugarcane,60,30.94,71.28,0.0,58.59,1.52,0,0.0,59.68
4,60,Sugarcane,61,33.66,87.99,3.11,59.68,1.41,0,0.0,59.31
4,61,Sugarcane,62,19.63,41.56,1.27,59.31,1.38,0,0.0,57.61
4,62,Sugarcane,63,36.91,39.02,0.58,57.61,2.17,0,0.0,56.13
4,63,Sugarcane,64,29.16,68.7,0.0,56.13,1.49,0,0.0,54.97
4,64,Sugarcane,65,26.49,50.24,0.53,54.97,1.59,1,6.04,61.28
4,65,Sugarcane,66,29.05,80.3,2.03,61.28,1.35,0,0.0,59.95
4,66,Sugarcane,67,29.58,83.51,0.0,59.95,1.33,0,0.0,60.92
4,67,Sugarcane,68,27.07,43.47,3.32,60.92,1.68,0,0.0,59.54
4,68,Sugarcane,69,25.15,64.28,0.0,59.54,1.39,0,0.0,57.67
4,69,Sugarcane,70,33.24,49.97,0.0,57.67,1.87,0,0.0,57.89
4,70,Sugarcane,71,28.41,42.93,2.46,57.89,1.75,0,0.0,56.64
4,71,Sugarcane,72,20.95,61.97,0.0,56.64,1.25,0,0.0,55.4
4,72,Sugarcane,73,38.95,34.32,1.35,55.4,2.32,1,5.52,59.28
4,73,Sugarcane,74,27.61,49.82,0.0,59.28,1.64,0,0.0,58.41
4,74,Sugarcane,75,21.67,55.66,0.58,58.41,1.34,0,0.0,56.91
4,75,Sugarcane,76,27.23,61.46,0.0,56.91,1.49,0,0.0,55.22
4,76,Sugarcane,77,34.37,47.53,0.31,55.22,1.94,1,5.74,59.33
4,77,Sugarcane,78,34.11,56.67,0.24,59.33,1.82,0,0.0,57.94
4,78,Sugarcane,79,23.31,57.13,0.0,57.94,1.39,0,0.0,56.41
4,79,Sugarcane,80,28.14,61.27,0.0,56.41,1.53,0,0.0,57.77
4,80,Sugarcane,81,27.43,52.64,3.7,57.77,1.6,0,0.0,56.34
4,81,Sugarcane,82,19.16,33.24,0.0,56.34,1.43,0,0.0,54.56
4,82,Sugarcane,83,27.8,37.32,0.0,54.56,1.78,1,6.53,59.74
4,83,Sugarcane,84,25.93,71.06,0.0,59.74,1.34,0,0.0,65.77
4,84,Sugarcane,85,14.88,36.69,9.04,65.77,1.21,0,0.0,64.65
4,85,Sugarcane,86,23.69,56.42,0.37,64.65,1.41,0,0.0,63.14
4,86,Sugarcane,87,27.91,60.96,0.02,63.14,1.53,0,0.0,63.27
4,87,Sugarcane,88,25.42,44.85,2.15,63.27,1.6,0,0.0,62.15
4,88,Sugarcane,89,33.31,47.99,0.97,62.15,1.89,0,0.0,60.94
4,89,Sugarcane,90,28.15,35.17,0.76,60.94,1.82,0,0.0,59.18
4,90,Sugarcane,91,31.17,47.37,0.07,59.18,1.81,0,0.0,69.18
4,91,Sugarcane,92,29.47,37.25,14.82,69.18,1.86,0,0.0,67.46
4,92,Sugarcane,93,29.62,49.63,0.0,67.46,1.72,0,0.0,65.88
4,93,Sugarcane,94,31.55,67.83,0.0,65.88,1.58,0,0.0,63.95
4,94,Sugarcane,95,33.33,45.48,0.0,63.95,1.93,0,0.0,64.43
4,95,Sugarcane,96,24.53,61.82,2.33,64.43,1.39,0,0.0,62.78
4,96,Sugarcane,97,30.62,59.07,0.0,62.78,1.65,0,0.0,61.16
4,97,Sugarcane,98,36.32,78.43,0.0,61.16,1.62,0,0.0,60.66
4,98,Sugarcane,99,25.27,54.26,1.24,60.66,1.49,0,0.0,59.84
4,99,Sugarcane,100,24.61,56.14,0.78,59.84,1.45,0,0.0,62.73
4,100,Sugarcane,101,25.38,54.44,5.49,62.73,1.5,0,0.0,61.24
4,101,Sugarcane,102,28.09,64.81,0.0,61.24,1.49,0,0.0,59.92
4,102,Sugarcane,103,27.74,79.62,0.0,59.92,1.32,0,0.0,57.51
4,103,Sugarcane,104,44.27,36.33,0.15,57.51,2.53,0,0.0,58.08
4,104,Sugarcane,105,38.41,37.64,3.52,58.08,2.25,0,0.0,58.45
4,105,Sugarcane,106,34.81,42.53,3.0,58.45,2.03,0,0.0,57.36
4,106,Sugarcane,107,17.0,29.31,0.34,57.36,1.36,0,0.0,55.59
4,107,Sugarcane,108,34.4,60.73,0.0,55.59,1.78,1,5.3,59.38
4,108,Sugarcane,109,22.88,43.08,0.0,59.38,1.51,0,0.0,60.79
4,109,Sugarcane,110,32.43,66.84,3.8,60.79,1.63,0,0.0,59.3
4,110,Sugarcane,111,39.2,61.9,0.57,59.3,1.94,0,0.0,58.88
4,111,Sugarcane,112,25.36,70.21,1.14,58.88,1.33,0,0.0,63.28
4,112,Sugarcane,113,35.23,57.11,7.82,63.28,1.86,0,0.0,62.06
4,113,Sugarcane,114,27.38,49.65,0.5,62.06,1.63,0,0.0,61.18
4,114,Sugarcane,115,28.9,57.18,0.91,61.18,1.61,0,0.0,60.34
4,115,Sugarcane,116,26.89,41.91,1.07,60.34,1.69,0,0.0,58.35
4,116,Sugarcane,117,32.81,38.09,0.0,58.35,2.0,0,0.0,56.73
4,117,Sugarcane,118,30.35,27.16,0.5,56.73,2.01,0,0.0,54.93
4,118,Sugarcane,119,36.63,65.08,0.0,54.93,1.8,1,6.08,61.36
4,119,Sugarcane,120,24.42,60.04,2.19,61.36,1.4,0,0.0,59.53
4,120,Sugarcane,121,27.32,30.73,0.0,59.53,1.83,0,0.0,57.97
4,121,Sugarcane,122,32.91,73.54,0.0,57.97,1.56,0,0.0,56.59
4,122,Sugarcane,123,26.6,70.42,0.0,56.59,1.38,0,0.0,54.98
4,123,Sugarcane,124,25.65,44.53,0.0,54.98,1.61,1,6.02,59.31
4,124,Sugarcane,125,33.75,59.2,0.09,59.31,1.77,0,0.0,58.66
4,125,Sugarcane,126,25.97,34.26,1.35,58.66,1.73,0,0.0,58.82
4,126,Sugarcane,127,30.99,42.26,2.53,58.82,1.86,0,0.0,57.02
4,127,Sugarcane,128,34.5,52.2,0.12,57.02,1.89,0,0.0,55.73
4,128,Sugarcane,129,30.13,88.28,0.0,55.73,1.29,1,5.12,59.25
4,129,Sugarcane,130,24.17,39.49,0.0,59.25,1.6,0,0.0,60.66
4,130,Sugarcane,131,22.96,57.52,3.47,60.66,1.37,0,0.0,59.44
4,131,Sugarcane,132,24.52,78.36,0.0,59.44,1.22,0,0.0,58.17
4,132,Sugarcane,133,23.18,69.04,0.0,58.17,1.27,0,0.0,56.84
4,133,Sugarcane,134,31.53,68.95,0.3,56.84,1.57,0,0.0,55.36
4,134,Sugarcane,135,28.95,68.52,0.0,55.36,1.48,1,5.56,59.2
4,135,Sugarcane,136,30.4,52.39,0.0,59.2,1.72,0,0.0,59.42
4,136,Sugarcane,137,28.92,39.21,2.53,59.42,1.81,0,0.0,61.06
4,137,Sugarcane,138,32.29,57.27,4.23,61.06,1.74,0,0.0,62.9
4,138,Sugarcane,139,18.6,37.16,4.01,62.9,1.37,0,0.0,61.5
4,139,Sugarcane,140,24.25,60.13,0.0,61.5,1.39,0,0.0,61.55
4,140,Sugarcane,141,31.69,56.66,2.22,61.55,1.72,0,0.0,60.19
4,141,Sugarcane,142,23.79,61.16,0.0,60.19,1.37,0,0.0,58.66
4,142,Sugarcane,143,27.16,57.99,0.0,58.66,1.53,0,0.0,60.26
4,143,Sugarcane,144,29.91,42.94,4.26,60.26,1.81,0,0.0,58.83
4,144,Sugarcane,145,27.07,28.88,0.51,58.83,1.84,0,0.0,59.73
4,145,Sugarcane,146,15.87,54.55,2.52,59.73,1.11,0,0.0,58.73
4,146,Sugarcane,147,23.02,54.08,0.51,58.73,1.41,0,0.0,57.33
4,147,Sugarcane,148,26.57,59.91,0.11,57.33,1.49,0,0.0,55.29
4,148,Sugarcane,149,36.11,45.68,0.0,55.29,2.04,1,5.65,59.85
4,149,Sugarcane,150,29.96,64.44,0.59,59.85,1.56,0,0.0,58.26
4,150,Sugarcane,151,31.24,66.34,0.0,58.26,1.59,0,0.0,56.5
4,151,Sugarcane,152,31.36,52.53,0.0,56.5,1.76,0,0.0,54.82
4,152,Sugarcane,153,28.69,49.9,0.0,54.82,1.68,1,6.22,59.63
4,153,Sugarcane,154,23.96,57.31,0.0,59.63,1.41,0,0.0,59.17
4,154,Sugarcane,155,33.01,62.76,1.55,59.17,1.7,0,0.0,58.43
4,155,Sugarcane,156,23.37,56.52,0.83,58.43,1.4,0,0.0,58.47
4,156,Sugarcane,157,29.46,52.25,2.14,58.47,1.68,0,0.0,56.85
4,157,Sugarcane,158,28.88,56.23,0.0,56.85,1.62,0,0.0,58.19
4,158,Sugarcane,159,23.7,72.93,3.23,58.19,1.25,0,0.0,58.4
4,159,Sugarcane,160,32.57,40.77,2.7,58.4,1.95,0,0.0,57.84
4,160,Sugarcane,161,27.45,47.67,1.37,57.84,1.65,0,0.0,56.54
4,161,Sugarcane,162,19.52,50.07,0.0,56.54,1.3,0,0.0,55.12
4,162,Sugarcane,163,24.18,57.04,0.0,55.12,1.42,1,5.86,59.54
4,163,Sugarcane,164,22.37,47.98,0.0,59.54,1.44,0,0.0,58.96
4,164,Sugarcane,165,21.97,35.8,1.19,58.96,1.53,0,0.0,57.17
4,165,Sugarcane,166,31.14,36.6,0.19,57.17,1.94,0,0.0,55.43
4,166,Sugarcane,167,37.41,66.79,0.09,55.43,1.81,1,5.48,59.45
4,167,Sugarcane,168,29.78,66.53,0.08,59.45,1.53,0,0.0,57.98
4,168,Sugarcane,169,29.86,72.3,0.0,57.98,1.47,0,0.0,58.89
4,169,Sugarcane,170,25.64,49.04,3.09,58.89,1.56,0,0.0,57.54
4,170,Sugarcane,171,29.56,57.25,0.35,57.54,1.63,0,0.0,56.66
4,171,Sugarcane,172,24.47,54.36,0.73,56.66,1.46,0,0.0,55.04
4,172,Sugarcane,173,28.76,55.38,0.0,55.04,1.62,1,5.95,59.52
4,173,Sugarcane,174,38.63,61.49,0.57,59.52,1.93,0,0.0,57.69
4,174,Sugarcane,175,35.35,59.88,0.0,57.69,1.82,0,0.0,58.63
4,175,Sugarcane,176,31.84,76.72,3.03,58.63,1.49,0,0.0,57.26
4,176,Sugarcane,177,25.7,67.97,0.0,57.26,1.37,0,0.0,58.31
4,177,Sugarcane,178,28.11,60.67,3.24,58.31,1.54,0,0.0,57.91
4,178,Sugarcane,179,30.19,39.52,1.82,57.91,1.86,0,0.0,57.27
4,179,Sugarcane,180,27.24,61.25,1.08,57.27,1.5,0,0.0,56.5
4,180,Sugarcane,181,24.47,55.93,0.84,56.5,1.44,0,0.0,54.85
4,181,Sugarcane,182,30.25,57.98,0.0,54.85,1.65,1,6.18,60.77
4,182,Sugarcane,183,19.55,44.21,1.36,60.77,1.35,0,0.0,63.1
4,183,Sugarcane,184,30.28,52.78,5.06,63.1,1.71,0,0.0,62.5
4,184,Sugarcane,185,31.27,57.77,1.36,62.5,1.69,0,0.0,61.19
4,185,Sugarcane,186,21.46,57.87,0.0,61.19,1.31,0,0.0,59.42
4,186,Sugarcane,187,33.44,57.73,0.0,59.42,1.78,0,0.0,57.88
4,187,Sugarcane,188,29.51,65.32,0.0,57.88,1.54,0,0.0,56.31
4,188,Sugarcane,189,28.05,57.77,0.0,56.31,1.57,0,0.0,55.33
4,189,Sugarcane,190,24.19,59.65,0.52,55.33,1.4,1,5.6,63.54
4,190,Sugarcane,191,15.05,54.27,4.62,63.54,1.08,0,0.0,62.27
4,191,Sugarcane,192,20.45,56.82,0.0,62.27,1.28,0,0.0,61.75
4,192,Sugarcane,193,23.89,74.75,0.9,61.75,1.24,0,0.0,64.29
4,193,Sugarcane,194,30.63,53.17,5.33,64.29,1.72,0,0.0,63.6
4,194,Sugarcane,195,33.25,50.23,1.47,63.6,1.86,0,0.0,62.1
4,195,Sugarcane,196,22.71,43.75,0.0,62.1,1.49,0,0.0,60.75
4,196,Sugarcane,197,30.81,61.26,0.35,60.75,1.63,0,0.0,59.16
4,197,Sugarcane,198,30.32,63.2,0.0,59.16,1.59,0,0.0,57.33
4,198,Sugarcane,199,34.83,58.5,0.0,57.33,1.82,0,0.0,55.91
5,0,Maize,1,25.21,33.15,3.0,48.39,1.55,0,0.0,47.03
5,1,Maize,2,27.96,64.23,0.0,47.03,1.36,0,0.0,45.11
5,2,Maize,3,39.28,50.39,0.0,45.11,1.92,1,5.87,50.15
5,3,Maize,4,19.48,48.66,0.45,50.15,1.19,0,0.0,51.02
5,4,Maize,5,18.8,79.15,2.26,51.02,0.93,0,0.0,49.59
5,5,Maize,6,30.44,64.86,0.0,49.59,1.43,0,0.0,48.43
5,6,Maize,7,22.57,65.63,0.0,48.43,1.16,0,0.0,47.16
5,7,Maize,8,30.46,80.53,0.0,47.16,1.27,0,0.0,45.46
5,8,Maize,9,32.63,47.9,0.0,45.46,1.7,1,5.44,51.06
5,9,Maize,10,32.4,52.72,2.24,51.06,1.63,0,0.0,50.83
5,10,Maize,11,35.1,46.98,1.97,50.83,1.8,0,0.0,49.51
5,11,Maize,12,28.56,69.75,0.0,49.51,1.32,0,0.0,48.32
5,12,Maize,13,23.7,39.55,0.3,48.32,1.43,0,0.0,46.8
5,13,Maize,14,28.46,50.25,0.0,46.8,1.51,0,0.0,45.17
5,14,Maize,15,31.39,49.52,0.0,45.17,1.63,1,5.79,51.38
5,15,Maize,16,24.74,73.2,1.98,51.38,1.16,0,0.0,50.58
5,16,Maize,17,13.38,73.72,0.0,50.58,0.8,0,0.0,49.04
5,17,Maize,18,29.84,52.31,0.0,49.04,1.54,0,0.0,47.96
5,18,Maize,19,36.35,91.52,0.29,47.96,1.31,0,0.0,47.31
5,19,Maize,20,27.13,46.72,1.07,47.31,1.5,0,0.0,45.88
5,20,Maize,21,25.09,46.18,0.0,45.88,1.43,1,4.94,49.17
5,21,Maize,22,32.97,52.56,0.0,49.17,1.66,0,0.0,48.6
5,22,Maize,23,25.03,40.51,1.13,48.6,1.48,0,0.0,48.65
5,23,Maize,24,22.58,82.2,1.35,48.65,1.02,0,0.0,48.61
5,24,Maize,25,32.27,58.54,1.91,48.61,1.57,0,0.0,47.2
5,25,Maize,26,23.73,41.15,0.0,47.2,1.42,0,0.0,47.04
5,26,Maize,27,21.12,48.04,1.38,47.04,1.26,0,0.0,45.82
5,27,Maize,28,22.14,57.13,0.0,45.82,1.22,1,5.02,49.03
5,28,Maize,29,35.49,47.43,0.0,49.03,1.81,0,0.0,47.29
5,29,Maize,30,28.67,28.76,0.0,47.29,1.74,0,0.0,46.23
5,30,Maize,31,26.38,89.51,0.0,46.23,1.06,0,0.0,44.82
5,31,Maize,32,28.72,62.37,0.0,44.82,1.4,1,6.21,50.15
5,32,Maize,33,35.28,59.68,0.97,50.15,1.66,0,0.0,48.89
5,33,Maize,34,21.97,52.28,0.0,48.89,1.25,0,0.0,47.65
5,34,Maize,35,25.91,69.13,0.0,47.65,1.24,0,0.0,45.91
5,35,Maize,36,31.21,38.29,0.0,45.91,1.75,1,4.91,49.82
5,36,Maize,37,29.56,48.27,0.72,49.82,1.58,0,0.0,47.69
5,37,Maize,38,36.17,22.85,0.0,47.69,2.13,0,0.0,45.48
5,38,Maize,39,34.46,10.0,0.0,45.48,2.21,1,5.42,50.92
5,39,Maize,40,26.0,59.5,1.69,50.92,1.33,0,0.0,49.34
5,40,Maize,41,33.38,60.45,0.0,49.34,1.58,0,0.0,49.04
5,41,Maize,42,28.27,95.0,0.95,49.04,1.06,0,0.0,47.55
5,42,Maize,43,39.45,83.91,0.0,47.55,1.49,0,0.0,45.84
5,43,Maize,44,27.1,25.77,0.0,45.84,1.7,1,4.99,49.99
5,44,Maize,45,28.94,58.45,0.76,49.99,1.45,0,0.0,50.45
5,45,Maize,46,20.55,70.22,1.89,50.45,1.06,0,0.0,49.14
5,46,Maize,47,24.09,55.04,0.0,49.14,1.31,0,0.0,47.7
5,47,Maize,48,28.14,56.53,0.0,47.7,1.44,0,0.0,46.26
5,48,Maize,49,26.04,48.66,0.0,46.26,1.44,0,0.0,44.98
5,49,Maize,50,21.87,48.48,0.0,44.98,1.28,1,6.02,51.84
5,50,Maize,51,27.44,65.54,2.71,51.84,1.33,0,0.0,50.72
5,51,Maize,52,20.84,63.96,0.0,50.72,1.12,0,0.0,49.84
5,52,Maize,53,26.77,45.79,0.76,49.84,1.49,0,0.0,49.61
5,53,Maize,54,28.82,54.39,1.57,49.61,1.49,0,0.0,49.54
5,54,Maize,55,25.21,60.1,1.54,49.54,1.3,0,0.0,54.44
5,55,Maize,56,30.37,75.03,7.78,54.44,1.32,0,0.0,55.63
5,56,Maize,57,30.12,52.48,3.42,55.63,1.55,0,0.0,58.99
5,57,Maize,58,27.86,50.99,6.05,58.99,1.49,0,0.0,62.35
5,58,Maize,59,28.57,40.91,6.22,62.35,1.61,0,0.0,61.37
5,59,Maize,60,21.31,58.59,0.25,61.37,1.18,0,0.0,59.68
5,60,Maize,61,28.48,33.34,0.0,59.68,1.69,0,0.0,59.51
5,61,Maize,62,29.95,91.81,1.2,59.51,1.13,0,0.0,58.93
5,62,Maize,63,32.01,86.66,0.84,58.93,1.25,0,0.0,57.26
5,63,Maize,64,29.43,39.0,0.0,57.26,1.67,0,0.0,55.38
5,64,Maize,65,36.83,45.58,0.0,55.38,1.89,0,0.0,54.22
5,65,Maize,66,28.57,41.86,0.55,54.22,1.6,0,0.0,53.25
5,66,Maize,67,23.48,76.83,0.16,53.25,1.09,0,0.0,51.55
5,67,Maize,68,37.74,46.62,0.25,51.55,1.91,0,0.0,50.41
5,68,Maize,69,19.76,57.54,0.0,50.41,1.13,0,0.0,48.39
5,69,Maize,70,38.78,40.34,0.0,48.39,2.03,0,0.0,47.04
5,70,Maize,71,30.99,74.5,0.0,47.04,1.35,0,0.0,45.49
5,71,Maize,72,28.71,47.49,0.0,45.49,1.55,1,5.42,52.85
5,72,Maize,73,28.35,65.84,4.12,52.85,1.35,0,0.0,51.46
5,73,Maize,74,31.61,41.58,0.42,51.46,1.73,0,0.0,50.8
5,74,Maize,75,23.84,65.46,0.69,50.8,1.21,0,0.0,49.04
5,75,Maize,76,36.5,54.79,0.0,49.04,1.76,0,0.0,49.09
5,76,Maize,77,29.75,59.47,1.9,49.09,1.47,0,0.0,55.95
5,77,Maize,78,13.9,63.74,9.68,55.95,0.88,0,0.0,54.79
5,78,Maize,79,29.32,32.13,0.72,54.79,1.73,0,0.0,54.1
5,79,Maize,80,23.21,64.75,0.62,54.1,1.19,0,0.0,52.58
5,80,Maize,81,23.13,26.84,0.0,52.58,1.52,0,0.0,51.14
5,81,Maize,82,35.98,79.51,0.0,51.14,1.45,0,0.0,49.49
5,82,Maize,83,31.84,50.0,0.0,49.49,1.64,0,0.0,49.64
5,83,Maize,84,18.86,54.18,1.59,49.64,1.13,0,0.0,47.74
5,84,Maize,85,29.65,17.67,0.0,47.74,1.9,0,0.0,46.57
5,85,Maize,86,26.03,77.05,0.0,46.57,1.17,0,0.0,47.39
5,86,Maize,87,25.02,71.11,2.51,47.39,1.19,0,0.0,46.14
5,87,Maize,88,33.0,51.44,0.53,46.14,1.67,0,0.0,44.91
5,88,Maize,89,27.99,74.08,0.03,44.91,1.26,1,6.11,49.42
5,89,Maize,90,29.91,47.81,0.0,49.42,1.59,0,0.0,47.96
5,90,Maize,91,35.5,55.01,0.33,47.96,1.72,0,0.0,46.23
5,91,Maize,92,29.98,35.29,0.0,46.23,1.73,0,0.0,44.86
5,92,Maize,93,25.63,54.54,0.0,44.86,1.37,1,6.16,49.23
5,93,Maize,94,32.89,39.9,0.0,49.23,1.8,0,0.0,47.62
5,94,Maize,95,31.69,52.62,0.0,47.62,1.61,0,0.0,49.28
5,95,Maize,96,35.44,56.28,4.21,49.28,1.7,0,0.0,49.44
5,96,Maize,97,32.28,69.37,2.0,49.44,1.45,0,0.0,47.7
5,97,Maize,98,34.8,51.41,0.0,47.7,1.74,0,0.0,46.48
5,98,Maize,99,27.48,66.7,0.11,46.48,1.32,0,0.0,44.73
5,99,Maize,0,32.29,42.0,0.0,44.73,1.75,1,6.33,49.61
5,100,Maize,1,28.55,56.89,0.0,49.61,1.45,0,0.0,48.55
5,101,Maize,2,30.81,64.1,0.5,48.55,1.45,0,0.0,47.26
5,102,Maize,3,20.95,43.29,0.0,47.26,1.29,0,0.0,45.65
5,103,Maize,4,31.19,50.7,0.0,45.65,1.61,1,5.22,49.65
5,104,Maize,5,25.63,70.5,0.0,49.65,1.22,0,0.0,48.18
5,105,Maize,6,29.42,58.27,0.0,48.18,1.47,0,0.0,47.05
5,106,Maize,7,16.18,39.17,0.0,47.05,1.13,0,0.0,45.4
5,107,Maize,8,26.16,27.46,0.0,45.4,1.65,1,5.52,49.81
5,108,Maize,9,24.16,77.17,0.0,49.81,1.11,0,0.0,49.97
5,109,Maize,10,35.97,48.0,2.48,49.97,1.82,0,0.0,48.28
5,110,Maize,11,35.31,57.42,0.0,48.28,1.69,0,0.0,47.27
5,111,Maize,12,17.69,63.26,0.0,47.27,1.02,0,0.0,45.77
5,112,Maize,13,30.86,60.23,0.0,45.77,1.5,1,5.08,49.51
5,113,Maize,14,33.59,82.51,0.0,49.51,1.34,0,0.0,48.04
5,114,Maize,15,24.65,39.69,0.0,48.04,1.47,0,0.0,46.62
5,115,Maize,16,23.92,41.51,0.0,46.62,1.42,0,0.0,50.99
5,116,Maize,17,30.24,78.34,7.07,50.99,1.28,0,0.0,51.26
5,117,Maize,18,35.49,47.45,2.6,51.26,1.81,0,0.0,51.24
5,118,Maize,19,23.77,80.8,1.3,51.24,1.07,0,0.0,49.82
5,119,Maize,20,24.91,39.07,0.08,49.82,1.48,0,0.0,51.89
5,120,Maize,21,26.21,55.85,4.31,51.89,1.38,0,0.0,53.86
5,121,Maize,22,27.79,83.97,3.91,53.86,1.15,0,0.0,52.34
5,122,Maize,23,29.77,54.33,0.0,52.34,1.52,0,0.0,51.39
5,123,Maize,24,29.46,48.63,0.77,51.39,1.57,0,0.0,51.97
5,124,Maize,25,30.69,75.02,2.39,51.97,1.33,0,0.0,53.18
5,125,Maize,26,23.47,80.64,2.84,53.18,1.06,0,0.0,53.66
5,126,Maize,27,31.63,40.89,2.77,53.66,1.74,0,0.0,53.26
5,127,Maize,28,32.58,71.1,1.29,53.26,1.44,0,0.0,51.6
5,128,Maize,29,33.32,53.51,0.0,51.6,1.66,0,0.0,50.14
5,129,Maize,30,26.06,44.9,0.02,50.14,1.48,0,0.0,48.45
5,130,Maize,31,34.66,55.66,0.0,48.45,1.68,0,0.0,47.06
5,131,Maize,32,26.37,54.84,0.0,47.06,1.39,0,0.0,45.68
5,132,Maize,33,23.51,44.9,0.0,45.68,1.38,1,5.18,50.62
5,133,Maize,34,21.31,53.69,1.22,50.62,1.22,0,0.0,54.52
5,134,Maize,35,28.77,72.7,6.5,54.52,1.3,0,0.0,58.5
5,135,Maize,36,31.93,11.29,7.56,58.5,2.07,0,0.0,56.97
5,136,Maize,37,27.66,46.43,0.0,56.97,1.52,0,0.0,56.4
5,137,Maize,38,31.52,77.35,0.95,56.4,1.33,0,0.0,55.04
5,138,Maize,39,20.74,34.04,0.0,55.04,1.36,0,0.0,53.46
5,139,Maize,40,30.91,51.95,0.0,53.46,1.59,0,0.0,52.0
5,140,Maize,41,29.58,59.58,0.0,52.0,1.46,0,0.0,50.72
5,141,Maize,42,24.18,58.73,0.0,50.72,1.28,0,0.0,49.16
5,142,Maize,43,28.52,46.31,0.0,49.16,1.56,0,0.0,47.95
5,143,Maize,44,34.03,95.0,0.0,47.95,1.21,0,0.0,46.43
5,144,Maize,45,33.63,66.6,0.0,46.43,1.52,0,0.0,44.71
5,145,Maize,46,31.34,41.23,0.0,44.71,1.72,1,6.35,50.0
5,146,Maize,47,21.84,74.61,0.0,50.0,1.06,0,0.0,48.83
5,147,Maize,48,25.56,44.66,0.36,48.83,1.46,0,0.0,48.91
5,148,Maize,49,35.35,49.63,2.33,48.91,1.78,0,0.0,47.22
5,149,Maize,50,35.95,58.84,0.0,47.22,1.69,0,0.0,45.36
5,150,Maize,51,36.2,45.17,0.0,45.36,1.87,1,5.57,50.01
5,151,Maize,52,21.72,60.3,0.33,50.01,1.18,0,0.0,48.64
5,152,Maize,53,32.71,67.91,0.13,48.64,1.48,0,0.0,47.41
5,153,Maize,54,22.8,58.61,0.0,47.41,1.23,0,0.0,45.85
5,154,Maize,55,30.83,54.09,0.0,45.85,1.56,1,4.98,49.94
5,155,Maize,56,36.15,91.3,0.53,49.94,1.31,0,0.0,48.74
5,156,Maize,57,23.93,66.01,0.0,48.74,1.2,0,0.0,47.51
5,157,Maize,58,27.27,74.36,0.0,47.51,1.23,0,0.0,45.95
5,158,Maize,59,33.2,62.45,0.0,45.95,1.55,1,4.86,49.34
5,159,Maize,60,31.07,62.93,0.0,49.34,1.48,0,0.0,47.89
5,160,Maize,61,31.7,67.25,0.0,47.89,1.45,0,0.0,46.25
5,161,Maize,62,27.05,32.69,0.0,46.25,1.63,0,0.0,46.18
5,162,Maize,63,32.68,51.94,1.98,46.18,1.65,0,0.0,45.87
5,163,Maize,64,32.9,60.34,1.56,45.87,1.57,1,4.96,49.58
5,164,Maize,65,21.21,50.16,0.0,49.58,1.24,0,0.0,49.0
5,165,Maize,66,25.8,79.49,0.7,49.0,1.14,0,0.0,48.93
5,166,Maize,67,29.17,49.26,1.85,48.93,1.55,0,0.0,46.81
5,167,Maize,68,40.25,37.36,0.0,46.81,2.12,0,0.0,47.67
5,168,Maize,69,28.86,53.98,2.95,47.67,1.49,0,0.0,46.43
5,169,Maize,70,26.52,71.49,0.0,46.43,1.24,0,0.0,44.95
5,170,Maize,71,26.82,47.08,0.0,44.95,1.48,1,6.06,49.89
5,171,Maize,72,22.84,71.7,0.0,49.89,1.12,0,0.0,51.74
5,172,Maize,73,26.98,55.07,4.07,51.74,1.41,0,0.0,50.43
5,173,Maize,74,19.24,32.09,0.0,50.43,1.31,0,0.0,49.76
5,174,Maize,75,28.97,45.96,1.14,49.76,1.58,0,0.0,48.7
5,175,Maize,76,23.81,61.13,0.23,48.7,1.24,0,0.0,47.1
5,176,Maize,77,33.27,57.98,0.0,47.1,1.61,0,0.0,45.53
5,177,Maize,78,34.95,32.39,0.51,45.53,1.97,1,5.36,49.76
5,178,Maize,79,15.41,34.63,0.0,49.76,1.13,0,0.0,51.8
5,179,Maize,80,27.4,71.87,4.12,51.8,1.26,0,0.0,51.89
5,180,Maize,81,31.27,55.09,2.08,51.89,1.57,0,0.0,50.21
5,181,Maize,82,32.69,49.68,0.0,50.21,1.68,0,0.0,48.83
5,182,Maize,83,29.01,64.79,0.0,48.83,1.39,0,0.0,47.35
5,183,Maize,84,28.89,55.81,0.0,47.35,1.47,0,0.0,47.13
5,184,Maize,85,36.04,60.32,1.82,47.13,1.68,0,0.0,45.88
5,185,Maize,86,21.32,49.16,0.0,45.88,1.26,1,4.95,53.45
5,186,Maize,87,21.4,88.54,4.44,53.45,0.93,0,0.0,51.91
5,187,Maize,88,28.85,48.99,0.0,51.91,1.54,0,0.0,50.3
5,188,Maize,89,27.1,35.98,0.0,50.3,1.6,0,0.0,49.22
5,189,Maize,90,30.95,59.0,0.54,49.22,1.51,0,0.0,48.05
5,190,Maize,91,33.92,59.5,0.56,48.05,1.61,0,0.0,46.53
5,191,Maize,92,28.86,50.49,0.0,46.53,1.53,0,0.0,44.92
5,192,Maize,93,36.14,66.34,0.0,44.92,1.61,1,6.1,49.85
5,193,Maize,94,28.82,53.4,0.42,49.85,1.5,0,0.0,48.33
5,194,Maize,95,32.05,38.83,0.32,48.33,1.77,0,0.0,47.44
5,195,Maize,96,30.21,55.02,0.8,47.44,1.53,0,0.0,47.94
5,196,Maize,97,34.06,47.45,2.82,47.94,1.76,0,0.0,46.49
5,197,Maize,98,26.73,50.23,0.0,46.49,1.45,0,0.0,45.5
5,198,Maize,99,32.33,79.11,0.43,45.5,1.34,1,5.41,49.4
